Category,Tool
development,html-encoder-decoder
development,html-to-markdown-converter
development,json-to-yaml-converter
development,jwt-decoder
development,markdown-to-html-converter
development,md5-generator
development,sql-to-json
development,unicode-encoder-decoder
development,url-encoder-decoder
development,uuid-generator
development,xml-to-csv
development,xml-to-json
development,yaml-to-json
converters,ascii-converter
converters,binary-hex-converter
converters,binary-to-text
converters,camel-case-converter
converters,case-converter
converters,decimal-binary-converter
converters,decimal-hex-converter
converters,decimal-octal-converter
converters,kebab-case-converter
converters,number-base-converter
converters,pascal-case-converter
converters,rgb-hex-converter
converters,sentence-case-converter
converters,snake-case-converter
converters,studly-case-converter
converters,text-to-binary
spreadsheet,csv-to-json
spreadsheet,csv-to-tsv
spreadsheet,csv-to-xml-converter
spreadsheet,tsv-to-csv-converter
seo,redirect-checker
seo,slug-generator
time,time-unit-converter
text,file-difference-checker
text,lorem-ipsum-generator
text,word-counter
document,pdf-to-ppt
document,ppt-to-pdf
network,internet-speed-test
network,reverse-dns-lookup
network,user-agent-parser
