Tool Name,File Source,SEO Optimized Title,Tool Title
Angle Converter,converters.json,Free Online Angle Converter,Angle Converter
Area Converter,converters.json,Area Unit Converter Online - Square Meters & Acres,Area Converter
ASCII Converter,converters.json,Free ASCII to Text Converter - Online Tool,ASCII Converter
Binary ↔ Hex Converter,converters.json,Binary to Hex Converter - Free Online Base Translation,Binary ↔ Hex Converter
Binary to Text Converter,converters.json,Free Binary to Text Decoder - Online Code Converter,Binary to Text Converter
Camel Case Converter,converters.json,Online Camel Case Converter - Free String Formatter,Camel Case Converter
Text Case Converter,converters.json,Case Converter Online - Free Text Transformation Tool,Text Case Converter
Cooking Unit Converter,converters.json,Free Cooking Unit Converter - Online Kitchen Tool,Cooking Unit Converter
Data Transfer Converter,converters.json,Data Transfer Rate Converter Online - Free Mbps to Gbps,Data Transfer Converter
Decimal ↔ Binary Converter,converters.json,Decimal to Binary Converter - Free Online Base-10 Tool,Decimal ↔ Binary Converter
Decimal ↔ Hex Converter,converters.json,Decimal to Hex Converter - Online Hexadecimal Tool,Decimal ↔ Hex Converter
Decimal ↔ Octal Converter,converters.json,Decimal to Octal Converter - Free Online Translator,Decimal ↔ Octal Converter
Density Converter,converters.json,Online Density Converter - Free kg/m³ to g/cm³ Tool,Density Converter
Digital Storage Converter,converters.json,Digital Storage Converter - Free Bytes to GB Online,Digital Storage Converter
Energy Converter,converters.json,Energy Converter Online - Free Joules to Calories,Energy Converter
Force Converter,converters.json,Force Unit Converter - Free Online Newtons to Lbf,Force Converter
Frequency Converter,converters.json,Frequency Converter Online - Free Hz to GHz Tool,Frequency Converter
Fuel Consumption Converter,converters.json,Fuel Consumption Converter - Online MPG to L/100km,Fuel Consumption Converter
Kebab Case Converter,converters.json,Free Kebab Case Converter - Online URL String Tool,Kebab Case Converter
Length Converter,converters.json,Length Unit Converter - Free Online Measurement Tool,Length Converter
Molar Mass Converter,converters.json,Free Molar Mass Converter - Online Chemistry Tool,Molar Mass Converter
Number Base Converter,converters.json,Universal Number Base Converter - Free Online Tool,Number Base Converter
Pascal Case Converter,converters.json,Online Pascal Case Converter - Free Coding Tool,Pascal Case Converter
Power Converter,converters.json,Power Unit Converter - Free Watts to HP Online,Power Converter
Pressure Converter,converters.json,Pressure Converter Online - Free PSI to Bar Tool,Pressure Converter
RGB to HEX Color Converter,converters.json,RGB to HEX Color Converter - Free Online Design Tool,RGB to HEX Color Converter
Sentence Case Converter,converters.json,Sentence Case Converter Online - Free Text Formatter,Sentence Case Converter
Snake Case Converter,converters.json,Free Snake Case Converter - Online String Tool,Snake Case Converter
Speed Converter,converters.json,Speed Converter Online - Free MPH to KPH Tool,Speed Converter
Studly Case Converter,converters.json,Free Studly Case Converter - Online Text Generator,Studly Case Converter
Temperature Converter,converters.json,Temperature Converter - Free Celsius to Fahrenheit,Temperature Converter
Text to Binary,converters.json,Text to Binary Converter - Free Online Encoder,Text to Binary
Torque Converter,converters.json,Torque Unit Converter - Free Online Nm to Ft-Lb,Torque Converter
Volume Converter,converters.json,Volume Converter Online - Free Liters to Gallons,Volume Converter
Weight Converter,converters.json,Weight Converter Online - Free kg to lbs Tool,Weight Converter
Base64 Encoder & Decoder,development.json,Base64 Encoder & Decoder - Free Online Developer Tool,Base64 Encoder & Decoder
Code Formatter,development.json,Free Online Code Formatter - Clean Your Source Code,Code Formatter
Cron Job Generator,development.json,Cron Job Generator - Free Online Crontab Tool,Cron Job Generator
CSS Minifier & Beautifier,development.json,CSS Minifier & Beautifier - Free Online CSS Tool,CSS Minifier & Beautifier
CURL Command Builder,development.json,Free CURL Command Builder - Online API Request Tool,CURL Command Builder
HTML Encoder & Decoder,development.json,HTML Encoder & Decoder - Free Online Entity Tool,HTML Encoder & Decoder
HTML Minifier & Beautifier,development.json,HTML Minifier & Beautifier - Free Online Tool,HTML Minifier & Beautifier
HTML to Markdown Converter,development.json,HTML to Markdown Converter - Free Online Parser,HTML to Markdown Converter
HTML Viewer,development.json,HTML Viewer Online - Free Real-time Code Previewer,HTML Viewer
JavaScript Minifier,development.json,JS Minifier - Free Online JavaScript Compressor,JavaScript Minifier
JSON Formatter,development.json,JSON Formatter Online - Free JSON Prettifier Tool,JSON Formatter
JSON Parser & Validator,development.json,JSON Parser & Validator - Free Online Syntax Check,JSON Parser & Validator
JSON to CSV Converter,development.json,JSON to CSV Converter - Free Online Data Tool,JSON to CSV Converter
JSON to SQL Converter,development.json,JSON to SQL Converter - Free Online Migration Tool,JSON to SQL Converter
JSON to XML Converter,development.json,JSON to XML Converter - Free Online Data Translator,JSON to XML Converter
JSON to YAML Converter,development.json,JSON to YAML Converter - Free Online Object Tool,JSON to YAML Converter
JWT Decoder,development.json,JWT Decoder Online - Free JSON Web Token Debugger,JWT Decoder
Markdown to HTML Converter,development.json,Markdown to HTML Converter - Free Online Parser,Markdown to HTML Converter
MD5 Hash Generator,development.json,MD5 Hash Generator - Free Online Security Tool,MD5 Hash Generator
SQL to JSON Converter,development.json,SQL to JSON Converter - Free Online Database Tool,SQL to JSON Converter
Unicode Encoder & Decoder,development.json,Unicode Encoder & Decoder - Free Online Text Tool,Unicode Encoder & Decoder
URL Encoder & Decoder,development.json,URL Encoder & Decoder - Free Online Percent Tool,URL Encoder & Decoder
UUID Generator,development.json,Free UUID Generator - Online Version 4 GUID Tool,UUID Generator
XML Formatter,development.json,XML Formatter Online - Free XML Prettifier Tool,XML Formatter
XML to CSV Converter,development.json,XML to CSV Converter - Free Online Data Extractor,XML to CSV Converter
XML to JSON Converter,development.json,XML to JSON Converter - Free Online Parser Tool,XML to JSON Converter
YAML to JSON Converter,development.json,YAML to JSON Converter - Free Online Data Tool,YAML to JSON Converter
Excel to PDF Converter,document.json,Excel to PDF Converter - Free Online XLSX Tool,Excel to PDF Converter
JPG to PDF Converter,document.json,JPG to PDF Converter - Free Online Image Tool,JPG to PDF Converter
PDF Compressor,document.json,PDF Compressor Online - Free File Size Reducer,PDF Compressor
PDF Merger,document.json,PDF Merger Online - Free Tool to Combine PDF Files,PDF Merger
PDF Splitter,document.json,PDF Splitter Online - Free Tool to Split PDF Pages,PDF Splitter
PDF to Excel Converter,document.json,PDF to Excel Converter - Free Online Data Tool,PDF to Excel Converter
PDF to JPG Converter,document.json,PDF to JPG Converter - Free Online Image Extractor,PDF to JPG Converter
PDF to PowerPoint Converter,document.json,PDF to PowerPoint Converter - Free Online PPTX Tool,PDF to PowerPoint Converter
PDF to Word Converter,document.json,PDF to Word Converter - Free Online DOCX Tool,PDF to Word Converter
PowerPoint to PDF Converter,document.json,PowerPoint to PDF Converter - Free Online PPTX Tool,PowerPoint to PDF Converter
Word to PDF Converter,document.json,Word to PDF Converter - Free Online DOCX Tool,Word to PDF Converter
Decode Base64 to Image,image.json,Decode Base64 to Image - Free Online Decoder,Decode Base64 to Image
HEIC to JPG Converter,image.json,HEIC to JPG Converter - Free Online iPhone Photo Tool,HEIC to JPG Converter
ICO Converter,image.json,ICO Converter & Favicon Generator - Free Online,ICO Converter & Favicon Generator
Image Compressor,image.json,Image Compressor Online - Free Image Size Reducer,Image Compressor
Image Converter,image.json,Image Converter Online - Free Format Switcher,Image Converter
Convert Image to Base64,image.json,Image to Base64 Converter - Free Online String Tool,Convert Image to Base64 String
JPG to PNG Converter,image.json,JPG to PNG Converter - Free Online Transparent Tool,JPG to PNG Converter
JPG to WebP Converter,image.json,JPG to WebP Converter - Free Online Optimization Tool,JPG to WebP Converter
PNG to JPG Converter,image.json,PNG to JPG Converter - Free Online Image Tool,PNG to JPG Converter
PNG to WebP Converter,image.json,PNG to WebP Converter - Free Online Web Tool,PNG to WebP Converter
SVG to JPG Converter,image.json,SVG to JPG Converter - Free Online Vector Tool,SVG to JPG Converter
SVG to PNG Converter,image.json,SVG to PNG Converter - Free Online Raster Tool,SVG to PNG Converter
WebP to JPG Converter,image.json,WebP to JPG Converter - Free Online Image Tool,WebP to JPG Converter
DNS Lookup Tool,network.json,DNS Lookup Tool - Free Online DNS Record Checker,DNS Lookup Tool
Domain to IP Converter,network.json,Domain to IP Converter - Free Online DNS Tool,Domain to IP Converter
Internet Speed Test,network.json,Internet Speed Test - Free Online Connection Checker,Internet Speed Test
IP Lookup Tool,network.json,IP Lookup Tool - Free Online IP Geolocation Checker,IP Lookup Tool
Ping Test Tool,network.json,Ping Test Tool Online - Free Network Latency Checker,Ping Test Tool
Port Checker Tool,network.json,Port Checker Tool - Free Online Open Port Scanner,Port Checker Tool
Reverse DNS Lookup,network.json,Reverse DNS Lookup - Free Online IP to Domain Tool,Reverse DNS Lookup
Traceroute,network.json,Traceroute Online - Free Network Analysis Tool,Traceroute
User Agent Parser,network.json,User Agent Parser - Free Online Browser Detail Tool,User Agent Parser
What is My IP Address?,network.json,What is My IP Address? - Free Online IP Checker,What is My IP Address?
What is My ISP?,network.json,What is My ISP? - Free Online Provider Checker,What is My ISP?
WHOIS Lookup Tool,network.json,WHOIS Lookup Tool - Free Online Domain Info Checker,WHOIS Lookup Tool
Bing SERP Checker,seo.json,Bing SERP Checker - Free Online Ranking Tool,Bing SERP Checker
Broken Links Checker,seo.json,Broken Links Checker - Free Online Website Audit,Broken Links Checker
Google SERP Checker,seo.json,Google SERP Checker - Free Online SEO Tool,Google SERP Checker
Keyword Density Checker,seo.json,Keyword Density Checker - Free Online SEO Analysis,Keyword Density Checker
Meta Tag Analyzer,seo.json,Meta Tag Analyzer - Free Online SEO Meta Checker,Meta Tag Analyzer
On-Page SEO Checker,seo.json,On-Page SEO Checker - Free Online Website Auditor,On-Page SEO Checker
PDF Report Generator,seo.json,SEO PDF Report Generator - Free Online Audit Tool,PDF Report Generator
Redirect Checker,seo.json,Redirect Checker Online - Free HTTP Status Tool,Redirect Checker
Hreflang Checker,seo.json,Hreflang Checker - Free Online Tag Validator,Hreflang Checker
URL Slug Generator,seo.json,URL Slug Generator - Free Online SEO Friendly Tool,URL Slug Generator
Yahoo SERP Checker,seo.json,Yahoo SERP Checker - Free Online SEO Ranking Tool,Yahoo SERP Checker
Sitemap Validator,seo.json,Sitemap Validator - Free Online XML Sitemap Checker,Sitemap Validator
CSV to Excel Converter,spreadsheet.json,CSV to Excel Converter - Free Online XLSX Tool,CSV to Excel Converter
CSV to JSON,spreadsheet.json,CSV to JSON Converter - Free Online Data Tool,CSV to JSON
CSV to SQL Converter,spreadsheet.json,CSV to SQL Converter - Free Online Database Tool,CSV to SQL Converter
CSV to TSV,spreadsheet.json,CSV to TSV Converter - Free Online Text Data Tool,CSV to TSV
CSV to XML Converter,spreadsheet.json,CSV to XML Converter - Free Online Data Parser,CSV to XML Converter
Excel to CSV Converter,spreadsheet.json,Excel to CSV Converter - Free Online Spreadsheet Tool,Excel to CSV Converter
Google Sheets to Excel,spreadsheet.json,Google Sheets to Excel Converter - Free Online Tool,Google Sheets to Excel Converter
TSV to CSV Converter,spreadsheet.json,TSV to CSV Converter - Free Online Tabular Tool,TSV to CSV Converter
XLS to XLSX Converter,spreadsheet.json,XLS to XLSX Converter - Free Online Excel Upgrade,XLS to XLSX Converter
XLSX to XLS Converter,spreadsheet.json,XLSX to XLS Converter - Free Online Excel Downgrade,XLSX to XLS Converter
Duplicate Line Remover,text.json,Duplicate Line Remover - Free Online Text Cleaner,Duplicate Line Remover
File Difference Checker,text.json,File Difference Checker - Free Online Comparison,File Difference Checker
Lorem Ipsum Generator,text.json,Lorem Ipsum Generator - Free Online Placeholder Text,Lorem Ipsum Generator
Morse to Text Converter,text.json,Morse Code to Text Converter - Free Online Decoder,Morse to Text Converter
Text Reverser,text.json,Text Reverser - Free Online Letter Flip Tool,Text Reverser
Text to Morse Converter,text.json,Text to Morse Converter - Free Online Encoder,Text to Morse Converter
Word Counter,text.json,Word Counter Online - Free Character & Word Count,Word Counter
Date to Unix Timestamp,time.json,Date to Unix Timestamp Converter - Free Online,Date to Unix Timestamp
Epoch Time Converter,time.json,Epoch Time Converter - Free Online Unix Tool,Epoch Time Converter
Local Time to UTC,time.json,Local Time to UTC Converter - Free Online Tool,Local Time to UTC
Time Unit Converter,time.json,Time Unit Converter Online - Free Seconds to Hours,Time Unit Converter
Time Zone Converter,time.json,Time Zone Converter - Free Online World Clock,Time Zone Converter
Unix Timestamp to Date,time.json,Unix Timestamp to Date Converter - Free Online,Unix Timestamp to Date
UTC to Local Time,time.json,UTC to Local Time Converter - Free Online Tool,UTC to Local Time
Password Generator,utility.json,Secure Password Generator - Free Online Safety Tool,Secure Password Generator
QR Code Generator,utility.json,QR Code Generator - Free Online Custom QR Creator,QR Code Generator
Random Number Generator,utility.json,Random Number Generator - Free Online Math Tool,Random Number Generator
Username Checker,utility.json,Username Availability Checker - Free Online Search,Username Availability Checker
YouTube Channel Data,youtube.json,YouTube Channel Data Extractor - Free Online Tool,YouTube Channel Data Extractor
YouTube Channel ID,youtube.json,YouTube Channel ID Finder - Free Online Tool,YouTube Channel ID Finder
YouTube Earnings,youtube.json,YouTube Earnings Calculator - Free Online Revenue Tool,YouTube Earnings Calculator
YouTube Handle Checker,youtube.json,YouTube Handle Checker - Free Online Availability Tool,YouTube Handle Checker
YouTube Monetization,youtube.json,YouTube Monetization Checker - Free Online Tool,YouTube Monetization Checker
YouTube Tag Generator,youtube.json,YouTube Tag Generator - Free Online SEO Video Tool,YouTube Tag Generator
YouTube Thumbnail,youtube.json,YouTube Thumbnail Downloader - Free Online Tool,YouTube Thumbnail Downloader
YouTube Video Data,youtube.json,YouTube Video Data Extractor - Free Online Meta Tool,YouTube Video Data Extractor
YouTube Video Tags,youtube.json,YouTube Video Tags Extractor - Free Online Tool,YouTube Video Tags Extractor
Text to Speech,youtube.json,Text to Speech Converter - Free Online AI Audio,Text to Speech Converter
