File,Tool Slug,Meta Title,H1
converters.json,angle-converter,Free Online Angle Converter,Angle Converter
converters.json,area-converter,Area Unit Converter Online - Square Meters & Acres,Area Converter
converters.json,ascii-converter,Free ASCII to Text Converter - Online Tool,ASCII Converter
converters.json,binary-hex-converter,Binary to Hex Converter - Free Online Base Translation,Binary ↔ Hex Converter
converters.json,binary-to-text,Free Binary to Text Decoder - Online Code Converter,Binary to Text Converter
converters.json,camel-case-converter,Online Camel Case Converter - Free String Formatter,Camel Case Converter
converters.json,case-converter,Case Converter Online - Free Text Transformation Tool,Text Case Converter
converters.json,cooking-unit-converter,Free Cooking Unit Converter - Online Kitchen Tool,Cooking Unit Converter
converters.json,data-transfer-rate-converter,Data Transfer Rate Converter Online - Free Mbps to Gbps,Data Transfer Converter
converters.json,decimal-binary-converter,Decimal to Binary Converter - Free Online Base-10 Tool,Decimal ↔ Binary Converter
converters.json,decimal-hex-converter,Decimal to Hex Converter - Online Hexadecimal Tool,Decimal ↔ Hex Converter
converters.json,decimal-octal-converter,Decimal to Octal Converter - Free Online Translator,Decimal ↔ Octal Converter
converters.json,density-converter,Online Density Converter - Free kg/m³ to g/cm³ Tool,Density Converter
converters.json,digital-storage-converter,Digital Storage Converter - Free Bytes to GB Online,Digital Storage Converter
converters.json,energy-converter,Energy Converter Online - Free Joules to Calories,Energy Converter
converters.json,force-converter,Force Unit Converter - Free Online Newtons to Lbf,Force Converter
converters.json,frequency-converter,Frequency Converter Online - Free Hz to GHz Tool,Frequency Converter
converters.json,fuel-consumption-converter,Fuel Consumption Converter - Online MPG to L/100km,Fuel Consumption Converter
converters.json,kebab-case-converter,Free Kebab Case Converter - Online URL String Tool,Kebab Case Converter
converters.json,length-converter,Length Unit Converter - Free Online Measurement Tool,Length Converter
converters.json,molar-mass-converter,Free Molar Mass Converter - Online Chemistry Tool,Molar Mass Converter
converters.json,number-base-converter,Universal Number Base Converter - Free Online Tool,Number Base Converter
converters.json,pascal-case-converter,Online Pascal Case Converter - Free Coding Tool,Pascal Case Converter
converters.json,power-converter,Power Unit Converter - Free Watts to HP Online,Power Converter
converters.json,pressure-converter,Pressure Converter Online - Free PSI to Bar Tool,Pressure Converter
converters.json,rgb-hex-converter,RGB to HEX Color Converter - Free Online Design Tool,RGB to HEX Color Converter
converters.json,sentence-case-converter,Sentence Case Converter Online - Free Text Formatter,Sentence Case Converter
converters.json,snake-case-converter,Free Snake Case Converter - Online String Tool,Snake Case Converter
converters.json,speed-converter,Speed Converter Online - Free MPH to KPH Tool,Speed Converter
converters.json,studly-case-converter,Free Studly Case Converter - Online Text Generator,Studly Case Converter
converters.json,temperature-converter,Temperature Converter - Free Celsius to Fahrenheit,Temperature Converter
converters.json,text-to-binary,Text to Binary Converter - Free Online Encoder,Text to Binary
converters.json,torque-converter,Torque Unit Converter - Free Online Nm to Ft-Lb,Torque Converter
converters.json,volume-converter,Volume Converter Online - Free Liters to Gallons,Volume Converter
converters.json,weight-converter,Weight Converter Online - Free kg to lbs Tool,Weight Converter
development.json,base64-encoder-decoder,Base64 Encoder & Decoder - Free Online Developer Tool,Base64 Encoder & Decoder
development.json,code-formatter,Free Online Code Formatter - Clean Your Source Code,Code Formatter
development.json,cron-job-generator,Cron Job Generator - Free Online Crontab Tool,Cron Job Generator
development.json,css-minifier,CSS Minifier & Beautifier - Free Online CSS Tool,CSS Minifier & Beautifier
development.json,curl-command-builder,Free CURL Command Builder - Online API Request Tool,CURL Command Builder
development.json,html-encoder-decoder,HTML Encoder & Decoder - Free Online Entity Tool,HTML Encoder & Decoder
development.json,html-minifier,HTML Minifier & Beautifier - Free Online Tool,HTML Minifier & Beautifier
development.json,html-to-markdown-converter,HTML to Markdown Converter - Free Online Parser,HTML to Markdown Converter
development.json,html-viewer,HTML Viewer Online - Free Real-time Code Previewer,HTML Viewer
development.json,js-minifier,JS Minifier - Free Online JavaScript Compressor,JavaScript Minifier
development.json,json-formatter,JSON Formatter Online - Free JSON Prettifier Tool,JSON Formatter
development.json,json-parser,JSON Parser & Validator - Free Online Syntax Check,JSON Parser & Validator
development.json,json-to-csv-converter,JSON to CSV Converter - Free Online Data Tool,JSON to CSV Converter
development.json,json-to-sql-converter,JSON to SQL Converter - Free Online Migration Tool,JSON to SQL Converter
development.json,json-to-xml-converter,JSON to XML Converter - Free Online Data Translator,JSON to XML Converter
development.json,json-to-yaml-converter,JSON to YAML Converter - Free Online Object Tool,JSON to YAML Converter
development.json,jwt-decoder,JWT Decoder Online - Free JSON Web Token Debugger,JWT Decoder
development.json,markdown-to-html-converter,Markdown to HTML Converter - Free Online Parser,Markdown to HTML Converter
development.json,md5-generator,MD5 Hash Generator - Free Online Security Tool,MD5 Hash Generator
development.json,sql-to-json-converter,SQL to JSON Converter - Free Online Database Tool,SQL to JSON Converter
development.json,unicode-encoder-decoder,Unicode Encoder & Decoder - Free Online Text Tool,Unicode Encoder & Decoder
development.json,url-encoder-decoder,URL Encoder & Decoder - Free Online Percent Tool,URL Encoder & Decoder
development.json,uuid-generator,Free UUID Generator - Online Version 4 GUID Tool,UUID Generator
development.json,xml-formatter,XML Formatter Online - Free XML Prettifier Tool,XML Formatter
development.json,xml-to-csv,XML to CSV Converter - Free Online Data Extractor,XML to CSV Converter
development.json,xml-to-json,XML to JSON Converter - Free Online Parser Tool,XML to JSON Converter
development.json,yaml-to-json,YAML to JSON Converter - Free Online Data Tool,YAML to JSON Converter
document.json,excel-to-pdf,Excel to PDF Converter - Free Online XLSX Tool,Excel to PDF Converter
document.json,jpg-to-pdf,JPG to PDF Converter - Free Online Image Tool,JPG to PDF Converter
document.json,pdf-compressor,PDF Compressor Online - Free File Size Reducer,PDF Compressor
document.json,pdf-merger,PDF Merger Online - Free Tool to Combine PDF Files,PDF Merger
document.json,pdf-splitter,PDF Splitter Online - Free Tool to Split PDF Pages,PDF Splitter
document.json,pdf-to-excel,PDF to Excel Converter - Free Online Data Tool,PDF to Excel Converter
document.json,pdf-to-jpg,PDF to JPG Converter - Free Online Image Extractor,PDF to JPG Converter
document.json,pdf-to-ppt,PDF to PowerPoint Converter - Free Online PPTX Tool,PDF to PowerPoint Converter
document.json,pdf-to-word,PDF to Word Converter - Free Online DOCX Tool,PDF to Word Converter
document.json,ppt-to-pdf,PowerPoint to PDF Converter - Free Online PPTX Tool,PowerPoint to PDF Converter
document.json,word-to-pdf,Word to PDF Converter - Free Online DOCX Tool,Word to PDF Converter
image.json,base64-to-image-converter,Decode Base64 to Image - Free Online Decoder,Decode Base64 to Image
image.json,heic-to-jpg-converter,HEIC to JPG Converter - Free Online iPhone Photo Tool,HEIC to JPG Converter
image.json,ico-converter,ICO Converter & Favicon Generator - Free Online,ICO Converter & Favicon Generator
image.json,image-compressor,Image Compressor Online - Free Image Size Reducer,Image Compressor
image.json,image-converter,Image Converter Online - Free Format Switcher,Image Converter
image.json,image-to-base64-converter,Image to Base64 Converter - Free Online String Tool,Convert Image to Base64 String
image.json,jpg-to-png-converter,JPG to PNG Converter - Free Online Transparent Tool,JPG to PNG Converter
image.json,jpg-to-webp-converter,JPG to WebP Converter - Free Online Optimization Tool,JPG to WebP Converter
image.json,png-to-jpg-converter,PNG to JPG Converter - Free Online Image Tool,PNG to JPG Converter
image.json,png-to-webp-converter,PNG to WebP Converter - Free Online Web Tool,PNG to WebP Converter
image.json,svg-to-jpg-converter,SVG to JPG Converter - Free Online Vector Tool,SVG to JPG Converter
image.json,svg-to-png-converter,SVG to PNG Converter - Free Online Raster Tool,SVG to PNG Converter
image.json,webp-to-jpg-converter,WebP to JPG Converter - Free Online Image Tool,WebP to JPG Converter
network.json,dns-lookup,DNS Lookup Tool - Free Online DNS Record Checker,DNS Lookup Tool
network.json,domain-to-ip,Domain to IP Converter - Free Online DNS Tool,Domain to IP Converter
network.json,internet-speed-test,Internet Speed Test - Free Online Connection Checker,Internet Speed Test
network.json,ip-lookup,IP Lookup Tool - Free Online IP Geolocation Checker,IP Lookup Tool
network.json,ping-test,Ping Test Tool Online - Free Network Latency Checker,Ping Test Tool
network.json,port-checker,Port Checker Tool - Free Online Open Port Scanner,Port Checker Tool
network.json,reverse-dns-lookup,Reverse DNS Lookup - Free Online IP to Domain Tool,Reverse DNS Lookup
network.json,traceroute,Traceroute Online - Free Network Analysis Tool,Traceroute
network.json,user-agent-parser,User Agent Parser - Free Online Browser Detail Tool,User Agent Parser
network.json,what-is-my-ip,What is My IP Address? - Free Online IP Checker,What is My IP Address?
network.json,what-is-my-isp,What is My ISP? - Free Online Provider Checker,What is My ISP?
network.json,whois-lookup,WHOIS Lookup Tool - Free Online Domain Info Checker,WHOIS Lookup Tool
seo.json,bing-serp-checker,Bing SERP Checker - Free Online Ranking Tool,Bing SERP Checker
seo.json,broken-links-checker,Broken Links Checker - Free Online Website Audit,Broken Links Checker
seo.json,google-serp-checker,Google SERP Checker - Free Online SEO Tool,Google SERP Checker
seo.json,keyword-density-checker,Keyword Density Checker - Free Online SEO Analysis,Keyword Density Checker
seo.json,meta-tag-analyzer,Meta Tag Analyzer - Free Online SEO Meta Checker,Meta Tag Analyzer
seo.json,on-page-seo-checker,On-Page SEO Checker - Free Online Website Auditor,On-Page SEO Checker
seo.json,pdf-report,SEO PDF Report Generator - Free Online Audit Tool,PDF Report Generator
seo.json,redirect-checker,Redirect Checker Online - Free HTTP Status Tool,Redirect Checker
seo.json,hreflang-checker,Hreflang Checker - Free Online Tag Validator,Hreflang Checker
seo.json,slug-generator,URL Slug Generator - Free Online SEO Friendly Tool,URL Slug Generator
seo.json,yahoo-serp-checker,Yahoo SERP Checker - Free Online SEO Ranking Tool,Yahoo SERP Checker
seo.json,sitemap-validator,Sitemap Validator - Free Online XML Sitemap Checker,Sitemap Validator
spreadsheet.json,csv-to-excel,CSV to Excel Converter - Free Online XLSX Tool,CSV to Excel Converter
spreadsheet.json,csv-to-json,CSV to JSON Converter - Free Online Data Tool,CSV to JSON
spreadsheet.json,csv-to-sql,CSV to SQL Converter - Free Online Database Tool,CSV to SQL Converter
spreadsheet.json,csv-to-tsv,CSV to TSV Converter - Free Online Text Data Tool,CSV to TSV
spreadsheet.json,csv-to-xml-converter,CSV to XML Converter - Free Online Data Parser,CSV to XML Converter
spreadsheet.json,excel-to-csv,Excel to CSV Converter - Free Online Spreadsheet Tool,Excel to CSV Converter
spreadsheet.json,google-sheets-to-excel,Google Sheets to Excel Converter - Free Online Tool,Google Sheets to Excel Converter
spreadsheet.json,tsv-to-csv-converter,TSV to CSV Converter - Free Online Tabular Tool,TSV to CSV Converter
spreadsheet.json,xls-to-xlsx,XLS to XLSX Converter - Free Online Excel Upgrade,XLS to XLSX Converter
spreadsheet.json,xlsx-to-xls,XLSX to XLS Converter - Free Online Excel Downgrade,XLSX to XLS Converter
text.json,duplicate-line-remover,Duplicate Line Remover - Free Online Text Cleaner,Duplicate Line Remover
text.json,file-difference-checker,File Difference Checker - Free Online Comparison,File Difference Checker
text.json,lorem-ipsum-generator,Lorem Ipsum Generator - Free Online Placeholder Text,Lorem Ipsum Generator
text.json,morse-to-text-converter,Morse Code to Text Converter - Free Online Decoder,Morse to Text Converter
text.json,text-reverser,Text Reverser - Free Online Letter Flip Tool,Text Reverser
text.json,text-to-morse-converter,Text to Morse Converter - Free Online Encoder,Text to Morse Converter
text.json,word-counter,Word Counter Online - Free Character & Word Count,Word Counter
time.json,date-to-unix-timestamp,Date to Unix Timestamp Converter - Free Online,Date to Unix Timestamp
time.json,epoch-time-converter,Epoch Time Converter - Free Online Unix Tool,Epoch Time Converter
time.json,local-time-to-utc,Local Time to UTC Converter - Free Online Tool,Local Time to UTC
time.json,time-unit-converter,Time Unit Converter Online - Free Seconds to Hours,Time Unit Converter
time.json,time-zone-converter,Time Zone Converter - Free Online World Clock,Time Zone Converter
time.json,unix-timestamp-to-date,Unix Timestamp to Date Converter - Free Online,Unix Timestamp to Date
time.json,utc-to-local-time,UTC to Local Time Converter - Free Online Tool,UTC to Local Time
utility.json,password-generator,Secure Password Generator - Free Online Safety Tool,Secure Password Generator
utility.json,qr-code-generator,QR Code Generator - Free Online Custom QR Creator,QR Code Generator
utility.json,random-number-generator,Random Number Generator - Free Online Math Tool,Random Number Generator
utility.json,username-checker,Username Availability Checker - Free Online Search,Username Availability Checker
youtube.json,youtube-channel-data-extractor,YouTube Channel Data Extractor - Free Online Tool,YouTube Channel Data Extractor
youtube.json,youtube-channel-id-finder,YouTube Channel ID Finder - Free Online Tool,YouTube Channel ID Finder
youtube.json,youtube-earnings-calculator,YouTube Earnings Calculator - Free Online Revenue Tool,YouTube Earnings Calculator
youtube.json,youtube-handle-checker,YouTube Handle Checker - Free Online Availability Tool,YouTube Handle Checker
youtube.json,youtube-monetization-checker,YouTube Monetization Checker - Free Online Tool,YouTube Monetization Checker
youtube.json,youtube-tag-generator,YouTube Tag Generator - Free Online SEO Video Tool,YouTube Tag Generator
youtube.json,youtube-thumbnail-downloader,YouTube Thumbnail Downloader - Free Online Tool,YouTube Thumbnail Downloader
youtube.json,youtube-video-data-extractor,YouTube Video Data Extractor - Free Online Meta Tool,YouTube Video Data Extractor
youtube.json,youtube-video-tags-extractor,YouTube Video Tags Extractor - Free Online Tool,YouTube Video Tags Extractor
youtube.json,text-to-speech,Text to Speech Converter - Free Online AI Audio,Text to Speech Converter
